index_code,canonical_ticker,start_date,end_date
SP500,A,2000-06-05,
SP500,AABA,1999-12-08,2017-06-19
SP500,AAL,1996-01-02,1997-01-15
SP500,AAL,2015-03-23,2024-09-23
SP500,AAMRQ,1996-01-02,2003-03-14
SP500,AAP,2015-07-09,2023-08-25
SP500,AAPL,1996-01-02,
SP500,ABBV,2013-01-02,
SP500,ABI,1996-01-02,2008-11-24
SP500,ABKFQ,2000-12-11,2008-06-11
SP500,ABMD,2018-05-31,2022-12-22
SP500,ABNB,2023-09-18,
SP500,ABS,1996-01-02,2006-06-02
SP500,ABT,1996-01-02,
SP500,ABX,1996-01-02,2002-07-22
SP500,ACAS,2007-07-09,2009-03-04
SP500,ACGL,2022-11-01,
SP500,ACKH,1996-01-02,2000-11-17
SP500,ACN,2011-07-06,
SP500,ACS,2004-04-02,2010-02-08
SP500,ACV,1996-01-02,2006-11-17
SP500,ADBE,1997-05-06,
SP500,ADCT,1999-08-02,2007-07-02
SP500,ADI,1999-10-12,
SP500,ADM,1996-01-02,
SP500,ADP,1996-01-02,
SP500,ADSK,1996-01-02,
SP500,ADT,2012-10-02,2016-05-02
SP500,AEE,1996-01-02,
SP500,AEP,1996-01-02,
SP500,AES,1998-10-02,
SP500,AET,1996-01-02,2018-11-29
SP500,AFL,1999-05-28,
SP500,AFS-A,1998-04-08,2000-12-01
SP500,AGC,1996-01-02,2001-08-29
SP500,AGN,1996-01-02,2020-05-12
SP500,AHM,1996-01-02,1998-10-01
SP500,AIG,1996-01-02,
SP500,AIT,1996-01-02,1999-10-11
SP500,AIV,2003-03-14,2020-12-21
SP500,AIZ,2007-04-10,
SP500,AJG,2016-05-31,
SP500,AKAM,2007-07-12,
SP500,AKS,2008-07-01,2011-12-19
SP500,AL,1996-01-02,2002-07-22
SP500,ALB,2016-07-01,
SP500,ALGN,2017-06-19,
SP500,ALK,2016-05-13,2023-10-18
SP500,ALL,1996-01-02,
SP500,ALLE,2013-12-02,
SP500,ALTR,2000-04-18,2015-12-28
SP500,ALXN,2012-05-25,2021-07-21
SP500,AM,1996-01-02,2004-05-03
SP500,AMAT,1996-01-02,
SP500,AMCC,2001-01-02,2006-05-18
SP500,AMCR,2019-06-07,
SP500,AMD,1996-01-02,2013-09-23
SP500,AMD,2017-03-20,
SP500,AME,2013-09-23,
SP500,AMG,2014-07-01,2019-12-23
SP500,AMGN,1996-01-02,
SP500,AMH,1996-01-02,1997-09-15
SP500,AMP,1996-01-02,1999-04-05
SP500,AMP,2005-10-03,
SP500,AMT,2007-11-19,
SP500,AMTM,2024-09-30,2024-12-23
SP500,AMZN,2005-11-21,
SP500,AN,1996-01-02,1999-01-04
SP500,AN,2003-02-24,2017-08-08
SP500,ANDV,2007-09-27,2018-10-01
SP500,ANDW,1996-01-02,2006-10-02
SP500,ANET,2018-08-28,
SP500,ANF,2007-03-29,2013-12-23
SP500,ANRZQ,2011-06-02,2012-10-02
SP500,ANSS,2017-06-19,2025-07-18
SP500,ANV,1996-01-02,1999-04-12
SP500,AON,1996-04-23,
SP500,AOS,2017-07-26,
SP500,APA,1997-07-28,
SP500,APC,1997-07-28,2019-08-09
SP500,APCC,2000-06-01,2007-02-15
SP500,APD,1996-01-02,
SP500,APH,2008-09-30,
SP500,APO,2024-12-23,
SP500,APOL,2002-05-15,2013-07-01
SP500,APP,2025-09-22,
SP500,APTV,2012-12-24,
SP500,AR,1996-01-02,1999-10-27
SP500,ARC,1996-01-02,2000-04-18
SP500,ARE,2017-03-20,
SP500,ARES,2025-12-11,
SP500,ARG,2009-09-09,2016-05-23
SP500,ARNC,1996-01-02,2020-04-06
SP500,AS,1996-01-02,1998-11-24
SP500,ASC,1996-01-02,1999-06-24
SP500,ASH,1996-01-02,2008-11-14
SP500,ASN,2004-12-20,2007-10-08
SP500,ASND,1998-06-12,1999-06-25
SP500,ASO,1999-03-10,2006-11-06
SP500,AT,1996-01-02,2007-11-19
SP500,ATGE,2009-06-09,2012-10-01
SP500,ATI,1996-01-02,2015-07-02
SP500,ATO,2019-02-15,
SP500,ATVI,2015-08-31,2023-10-18
SP500,AV,2000-10-02,2007-10-26
SP500,AVB,2007-01-10,
SP500,AVGO,2014-05-08,
SP500,AVP,1996-01-02,2015-03-23
SP500,AVY,1996-01-02,
SP500,AW,1999-08-02,2008-12-05
SP500,AWE,2001-07-09,2004-10-27
SP500,AWK,2016-03-04,
SP500,AXON,2023-05-04,
SP500,AXP,1996-01-02,
SP500,AYE,2000-12-11,2011-02-28
SP500,AYI,2016-05-03,2018-06-18
SP500,AZA-A,1996-01-02,2001-06-25
SP500,AZO,1997-01-02,
SP500,BA,1996-01-02,
SP500,BAC,1996-01-02,
SP500,BALL,2022-05-10,
SP500,BAX,1996-01-02,
SP500,BAY,1996-02-12,1998-08-31
SP500,BBBY,1999-10-01,2017-07-26
SP500,BBI,1996-01-02,1998-01-12
SP500,BBT,1997-12-04,2019-12-09
SP500,BBWI,2021-08-03,2024-10-01
SP500,BBY,1999-06-30,
SP500,BC,1996-01-02,2008-06-23
SP500,BCO,1996-01-02,1996-01-22
SP500,BCR,1996-01-02,2017-12-29
SP500,BDK,1996-01-02,2010-03-15
SP500,BDX,1996-01-02,
SP500,BEAM,1996-01-02,2014-05-01
SP500,BEN,1998-04-29,
SP500,BEV,1996-01-02,1997-12-04
SP500,BF-B,1996-01-02,
SP500,BFH,2013-12-23,2020-06-22
SP500,BFI,1996-01-02,1999-08-02
SP500,BFO,1996-01-02,2000-10-03
SP500,BG,2023-03-15,
SP500,BGEN,2000-01-31,2003-11-13
SP500,BGG,1996-01-02,2001-04-03
SP500,BHF,2017-08-07,2019-04-02
SP500,BHMSQ,1996-01-02,2000-12-11
SP500,BIG,1998-01-20,2013-02-14
SP500,BIIB,2003-11-13,
SP500,BIO,2020-06-22,2024-09-23
SP500,BJS,2002-05-15,2010-04-29
SP500,BK,1996-01-02,2026-05-21
SP500,BKB,1996-01-02,1999-10-01
SP500,BKNG,2009-11-06,
SP500,BKR,1996-01-02,
SP500,BLDR,2023-10-18,
SP500,BLK,2011-04-04,
SP500,BLL,1996-01-02,2022-05-10
SP500,BLS,1996-01-02,2007-01-03
SP500,BLY,1996-01-02,1996-12-19
SP500,BMC,1998-10-01,2013-09-11
SP500,BMET,1996-01-02,2007-07-12
SP500,BMGCA,1996-07-22,1999-08-09
SP500,BMS,1996-01-02,2014-12-05
SP500,BMY,1996-01-02,
SP500,BNI,1996-01-02,2010-02-16
SP500,BNL,1996-01-02,1998-07-01
SP500,BNY,2026-05-21,
SP500,BOAT,1996-01-02,1997-01-07
SP500,BOL,1996-01-02,2007-10-29
SP500,BR,1996-01-02,2006-04-03
SP500,BR,2018-06-18,
SP500,BRCM,2000-07-03,2016-02-01
SP500,BRK-B,2010-02-16,
SP500,BRL,2006-02-27,2008-12-23
SP500,BRO,2021-09-20,
SP500,BSC,1998-07-01,2008-06-02
SP500,BSX,1996-01-02,
SP500,BT,1996-01-02,1999-06-04
SP500,BTUUQ,2006-11-20,2014-09-22
SP500,BUD,1996-01-02,2008-11-18
SP500,BVSN,2000-11-06,2001-09-04
SP500,BWA,2011-12-19,2025-03-24
SP500,BX,2023-09-18,
SP500,BXLT,2015-07-01,2016-06-03
SP500,BXP,2006-04-03,
SP500,C,1996-01-02,
SP500,CA,1996-01-02,2018-11-06
SP500,CAG,1996-01-02,
SP500,CAH,1997-05-27,
SP500,CAL,1996-01-02,1996-07-22
SP500,CAM,2008-01-29,2016-04-04
SP500,CAR,1996-01-02,2006-08-01
SP500,CARR,2020-04-03,
SP500,CASY,2026-04-09,
SP500,CAT,1996-01-02,
SP500,CB,1996-01-02,
SP500,CBB,1996-01-02,1998-01-28
SP500,CBE,1996-01-02,2009-09-09
SP500,CBE,2011-11-23,2012-12-03
SP500,CBH,2006-06-06,2008-03-31
SP500,CBOE,2017-03-01,
SP500,CBRE,2006-11-10,
SP500,CBS,1996-01-02,2019-12-05
SP500,CBSS,2004-12-20,2007-09-07
SP500,CCB,1996-01-02,1996-02-12
SP500,CCE,1998-10-08,2016-05-31
SP500,CCEP,2016-01-04,2016-05-31
SP500,CCI,1996-01-02,1998-10-08
SP500,CCI,2012-03-13,
SP500,CCK,1996-01-02,2000-12-11
SP500,CCL,1998-12-22,
SP500,CCTYQ,1996-01-02,2008-03-31
SP500,CCU,1997-09-02,2008-07-31
SP500,CDAY,2021-09-20,2024-02-01
SP500,CDNS,2017-09-18,
SP500,CDW,2019-09-23,
SP500,CE,2001-04-02,2004-02-27
SP500,CE,2018-12-24,2025-03-24
SP500,CEG,1996-01-02,2012-03-13
SP500,CEG,2022-02-02,
SP500,CELG,2006-11-06,2019-11-21
SP500,CEN,1996-01-02,2001-04-02
SP500,CEPH,2008-11-17,2011-10-14
SP500,CERN,2010-04-30,2022-06-08
SP500,CF,2000-06-19,2004-09-01
SP500,CF,2008-08-27,
SP500,CFC,1997-06-18,2008-07-01
SP500,CFG,2016-02-01,
SP500,CFL,1996-01-02,1998-04-28
SP500,CFN,2009-09-01,2015-03-17
SP500,CG,1996-01-02,2000-11-02
SP500,CGP,1996-01-02,2001-01-30
SP500,CHA,1996-01-02,2000-06-19
SP500,CHD,2015-12-29,
SP500,CHIR,2000-11-24,2006-04-20
SP500,CHK,2006-03-03,2018-03-19
SP500,CHRS,1996-01-02,1998-04-08
SP500,CHRW,2007-03-02,
SP500,CHTR,2016-09-08,
SP500,CI,1996-01-02,
SP500,CIEN,2001-08-30,2009-12-21
SP500,CIEN,2026-02-09,
SP500,CIN,1996-01-02,2006-04-03
SP500,CINF,1997-12-18,
SP500,CIT-A,2000-07-17,2001-06-04
SP500,CITGQ,2004-10-27,2009-07-27
SP500,CL,1996-01-02,
SP500,CLF,2009-12-21,2014-04-02
SP500,CLX,1996-01-02,
SP500,CMA,1996-01-02,2024-06-24
SP500,CMB,1996-01-02,1996-04-01
SP500,CMCSA,1996-01-02,
SP500,CMCSK,2015-09-21,2015-12-14
SP500,CME,2006-08-11,
SP500,CMG,2011-04-28,
SP500,CMI,1996-01-02,
SP500,CMS,1999-05-03,
SP500,CMVT,1999-10-27,2007-02-01
SP500,CMX,2004-03-25,2007-03-23
SP500,CNC,1997-01-15,2002-07-25
SP500,CNC,2016-03-30,
SP500,CNG,1996-01-02,2000-01-31
SP500,CNP,1996-01-02,
SP500,CNW,1996-01-02,1996-12-03
SP500,CNX,2006-06-28,2016-03-04
SP500,CNXT,2000-01-31,2002-06-26
SP500,COC-B,1999-08-09,2002-09-03
SP500,COF,1998-07-01,
SP500,COG,2008-06-23,2021-10-04
SP500,COHR,2026-03-23,
SP500,COIN,2025-05-19,
SP500,COL,2001-07-02,2018-11-27
SP500,COMS,1996-01-02,2000-07-28
SP500,COO,2016-09-23,
SP500,COP,1996-01-02,
SP500,COR,2001-08-30,
SP500,COST,1996-01-02,
SP500,COTY,2016-10-03,2020-09-21
SP500,COV,1996-01-02,1996-08-16
SP500,COV,2007-07-02,2009-06-05
SP500,COV,2011-03-01,2015-01-27
SP500,CPAY,2018-06-20,
SP500,CPB,1996-01-02,
SP500,CPGX,2015-07-02,2016-07-01
SP500,CPNLQ,2000-12-01,2005-12-02
SP500,CPQ,1996-01-02,2002-05-06
SP500,CPRI,2013-11-13,2020-05-12
SP500,CPRT,2018-07-02,
SP500,CPT,2022-04-04,
SP500,CPWR,1999-01-04,2012-01-03
SP500,CR,1996-01-02,2004-12-20
SP500,CRH,2025-12-22,
SP500,CRL,2021-05-14,
SP500,CRM,2008-09-15,
SP500,CRR,1996-01-02,1997-05-27
SP500,CRWD,2024-06-24,
SP500,CSCO,1996-01-02,
SP500,CSE,1996-01-22,1999-11-15
SP500,CSGP,2022-09-19,
SP500,CSR,1996-01-02,2000-06-16
SP500,CSRA,2015-11-30,2018-04-04
SP500,CSX,1996-01-02,
SP500,CTAS,2001-03-01,
SP500,CTB,1996-01-02,2006-07-18
SP500,CTLT,2020-09-21,2024-12-23
SP500,CTRA,2021-10-04,2026-05-07
SP500,CTSH,2006-11-17,
SP500,CTVA,2019-06-03,
SP500,CTX,1996-01-02,2009-08-19
SP500,CTXS,1999-12-01,2022-10-03
SP500,CVC,2010-12-20,2016-06-21
SP500,CVG,2000-06-13,2009-12-21
SP500,CVH,2005-08-30,2013-05-07
SP500,CVNA,2025-12-22,
SP500,CVS,1996-01-02,
SP500,CVX,1996-01-02,
SP500,CXO,2016-02-22,2021-01-21
SP500,CYM,1996-01-02,1999-10-18
SP500,CYR,1996-01-02,1996-03-28
SP500,CZR,2021-03-22,2025-09-22
SP500,D,1996-01-02,
SP500,DAL,2013-09-11,
SP500,DALRQ,1996-01-02,2005-08-19
SP500,DASH,2025-03-24,
SP500,DCNAQ,1996-01-02,2006-03-03
SP500,DD,1996-01-02,2017-09-01
SP500,DD,2019-06-03,
SP500,DDOG,2025-07-09,
SP500,DDR,2007-03-23,2009-03-30
SP500,DDS,1996-01-02,2008-10-22
SP500,DE,1996-01-02,
SP500,DEC,1996-01-02,1998-06-12
SP500,DECK,2024-03-18,
SP500,DELL,1996-09-06,2013-10-29
SP500,DELL,2024-09-23,
SP500,DF,2006-04-03,2013-05-24
SP500,DFS,2007-07-02,2025-05-19
SP500,DG,1998-07-16,2007-07-09
SP500,DG,2012-12-03,
SP500,DGN,1996-01-02,1999-10-13
SP500,DGX,2002-12-12,
SP500,DHI,2005-07-05,
SP500,DHR,1998-11-18,
SP500,DI,1996-01-02,1998-09-30
SP500,DIGI,1996-01-02,1998-08-28
SP500,DINO,2018-06-18,2021-06-04
SP500,DIS,1996-01-02,
SP500,DISCA,2010-03-01,2022-04-11
SP500,DISCK,2014-08-07,2022-04-11
SP500,DISH,2017-03-13,2023-06-20
SP500,DJ,1996-01-02,2007-12-14
SP500,DLR,2016-05-18,
SP500,DLTR,2011-12-19,
SP500,DLX,1996-01-02,2004-12-20
SP500,DNB,2008-12-02,2017-04-05
SP500,DNR,2009-04-02,2015-03-23
SP500,DO,2009-02-26,2016-10-03
SP500,DOC,2008-03-31,
SP500,DOV,1996-01-02,
SP500,DOW,1996-01-02,2017-09-01
SP500,DOW,2019-04-02,
SP500,DPHIQ,1999-05-28,2005-10-11
SP500,DPZ,2020-05-12,
SP500,DRE,2017-07-26,2022-10-03
SP500,DRI,1996-01-02,
SP500,DTE,1996-01-02,
SP500,DTV,2006-12-04,2015-07-27
SP500,DUK,1996-01-02,
SP500,DVA,2008-07-31,
SP500,DVN,2000-08-30,
SP500,DWD,1996-01-02,1997-06-02
SP500,DWDP,2017-09-01,2019-06-03
SP500,DXC,1996-01-02,2015-12-01
SP500,DXC,2017-04-04,2023-10-02
SP500,DXCM,2020-05-12,
SP500,DYN,2000-10-03,2009-12-21
SP500,EA,2002-07-22,
SP500,EBAY,2002-07-22,
SP500,EC,1996-01-02,2006-06-06
SP500,ECH,1996-01-02,1998-07-10
SP500,ECL,1996-01-02,
SP500,ECO,1996-01-02,1998-01-20
SP500,ED,1996-01-02,
SP500,EDS,1998-08-11,2008-08-26
SP500,EFU,1996-01-02,2000-11-02
SP500,EFX,1997-06-19,
SP500,EG,2023-07-10,
SP500,EHC,1997-01-08,2003-03-21
SP500,EIX,1996-01-02,
SP500,EKDKQ,1996-01-02,2010-12-20
SP500,EL,2006-01-05,
SP500,ELV,2002-07-25,
SP500,EMC,1996-03-28,2016-09-07
SP500,EME,2025-09-22,
SP500,EMN,1996-01-02,2025-11-04
SP500,EMR,1996-01-02,
SP500,ENDP,2015-01-27,2017-03-02
SP500,ENPH,2021-01-07,2025-09-22
SP500,ENRNQ,1996-01-02,2001-11-30
SP500,ENS,1996-01-02,1997-08-06
SP500,EOG,2000-11-02,
SP500,EOP,2001-10-10,2007-02-12
SP500,EP,1999-10-26,2012-05-25
SP500,EPAM,2021-12-14,2026-06-02
SP500,EQ,2006-05-18,2009-07-01
SP500,EQIX,2015-03-23,
SP500,EQR,2001-12-03,
SP500,EQT,2008-12-19,2018-11-13
SP500,EQT,2022-10-03,
SP500,ERIE,2024-09-23,
SP500,ES,2009-03-17,
SP500,ESRX,2003-09-26,2018-12-21
SP500,ESS,2014-04-02,
SP500,ESV,2007-01-04,2009-12-23
SP500,ESV,2012-07-31,2016-03-30
SP500,ETFC,2004-04-01,2020-10-07
SP500,ETN,1996-01-02,
SP500,ETR,1996-01-02,
SP500,ETS,1996-01-02,2001-08-06
SP500,ETSY,2020-09-21,2024-09-23
SP500,EVHC,2016-12-02,2018-10-11
SP500,EVRG,2018-06-05,
SP500,EW,2011-04-01,
SP500,EXC,1996-01-02,
SP500,EXE,2025-03-24,
SP500,EXPD,2007-10-10,
SP500,EXPE,2007-10-02,
SP500,EXR,2016-01-19,
SP500,F,1996-01-02,
SP500,FANG,2018-12-03,
SP500,FAST,2008-09-15,
SP500,FBF,1996-01-02,2004-04-01
SP500,FBHS,2016-06-24,2022-12-19
SP500,FBO,1996-01-02,1996-03-13
SP500,FCN,1996-01-02,1998-10-02
SP500,FCPT,2015-11-10,2015-11-17
SP500,FCX,1996-01-02,
SP500,FDC,1996-01-02,2007-09-25
SP500,FDO,2001-08-06,2015-07-07
SP500,FDS,2021-12-20,
SP500,FDX,1996-01-02,
SP500,FDXF,2026-06-01,
SP500,FE,1996-01-02,
SP500,FFIV,2010-12-20,
SP500,FG,1996-01-02,1998-04-27
SP500,FHN,2002-05-06,2013-06-24
SP500,FI,2023-06-07,2025-11-11
SP500,FICO,2023-03-20,
SP500,FII,2003-04-16,2013-01-02
SP500,FIS,2006-11-10,
SP500,FISV,2001-04-02,2023-06-07
SP500,FISV,2025-11-11,
SP500,FITB,1996-03-08,
SP500,FIX,2025-12-22,
SP500,FJ,1996-01-02,2000-11-24
SP500,FL,1996-01-02,1999-01-04
SP500,FL,2016-04-04,2019-08-09
SP500,FLIR,2009-01-02,2021-05-14
SP500,FLMIQ,1996-01-02,1997-12-24
SP500,FLR,2000-12-22,2019-06-03
SP500,FLS,2008-10-02,2021-03-22
SP500,FLTWQ,1996-01-02,2000-01-31
SP500,FMC,1996-01-02,2002-01-02
SP500,FMC,2009-08-19,2025-03-24
SP500,FMCC,1996-01-02,2008-09-11
SP500,FMY,1998-07-10,1999-05-28
SP500,FNMA,1996-01-02,2008-09-11
SP500,FOSL,2012-04-04,2016-01-05
SP500,FOX,2015-09-21,
SP500,FOXA,2004-12-20,
SP500,FPC,1999-06-22,2000-12-01
SP500,FRC,2019-01-02,2023-05-04
SP500,FRO,1997-01-02,1999-09-29
SP500,FRT,2016-02-01,
SP500,FRX,2000-11-22,2014-07-01
SP500,FSH,2004-08-03,2006-11-10
SP500,FSL,2004-12-03,2006-12-04
SP500,FSLR,2009-10-16,2017-03-20
SP500,FSLR,2022-12-19,
SP500,FTI,2009-06-05,2021-02-12
SP500,FTL-A,1996-01-02,1999-10-01
SP500,FTNT,2018-10-11,
SP500,FTV,2016-07-05,
SP500,FWLT,1996-01-02,2000-01-31
SP500,FYBR,2001-02-27,2017-03-20
SP500,G,1996-01-02,2005-10-03
SP500,GAPTQ,1996-01-02,2000-08-30
SP500,GAS,1996-01-02,2016-07-01
SP500,GD,1996-01-02,
SP500,GDDY,2024-06-24,
SP500,GDT,1996-12-19,2006-04-24
SP500,GDW,1996-01-02,2006-10-02
SP500,GE,1996-01-02,
SP500,GEHC,2023-01-04,
SP500,GEN,2003-03-31,
SP500,GENZ,2001-12-14,2011-04-04
SP500,GEV,2024-04-03,
SP500,GFS-A,1996-01-02,1998-07-16
SP500,GGP,2007-07-02,2008-11-13
SP500,GGP,2013-12-10,2018-08-28
SP500,GHC,2007-12-31,2014-09-22
SP500,GIDL,1996-01-02,1997-07-17
SP500,GILD,2004-07-01,
SP500,GIS,1996-01-02,
SP500,GL,1996-01-02,
SP500,GLD,1996-01-02,1997-05-06
SP500,GLK,1996-01-02,2005-07-05
SP500,GLW,1996-01-02,
SP500,GM,2013-06-07,
SP500,GMCR,2014-03-24,2016-03-03
SP500,GME,2007-12-14,2016-04-25
SP500,GNRC,2021-03-22,
SP500,GNT,1996-03-13,1998-07-01
SP500,GNW,2005-12-02,2015-11-18
SP500,GOOG,2014-04-03,
SP500,GOOGL,2006-04-03,
SP500,GP,1996-01-02,2005-12-20
SP500,GPC,1996-01-02,
SP500,GPN,2016-04-25,
SP500,GPS,1996-01-02,2022-02-02
SP500,GPU,1996-01-02,2001-11-07
SP500,GR,1996-01-02,2012-07-27
SP500,GRA,1996-01-02,2000-12-11
SP500,GRMN,2012-12-12,
SP500,GRN,1996-01-02,1998-12-22
SP500,GS,2002-07-22,
SP500,GSX,1996-01-02,1998-10-07
SP500,GT,1996-01-02,2019-02-27
SP500,GTE,1996-01-02,2000-07-03
SP500,GTW,1998-04-27,2006-08-01
SP500,GWF,1996-01-02,1997-07-02
SP500,GWW,1996-01-02,
SP500,GX,1999-09-29,2001-10-10
SP500,H,1996-01-02,2001-06-29
SP500,H,2006-08-01,2007-04-10
SP500,HAL,1996-01-02,
SP500,HAR,2006-02-01,2017-03-13
SP500,HAS,1996-01-02,
SP500,HBAN,1997-08-06,
SP500,HBI,2015-03-23,2021-12-20
SP500,HBOC,1997-10-23,1999-01-13
SP500,HCA,1996-01-02,2006-11-20
SP500,HCA,2015-01-27,
SP500,HCBK,2007-02-15,2015-11-02
SP500,HCR,1998-09-28,2007-11-09
SP500,HD,1996-01-02,
SP500,HDLM,1996-01-02,1996-03-08
SP500,HES,1996-01-02,2025-07-23
SP500,HET,1996-01-02,2008-01-29
SP500,HFS,1996-08-16,1997-12-18
SP500,HI,1996-01-02,2003-03-31
SP500,HIG,1996-01-02,
SP500,HII,2018-01-03,
SP500,HLT,1996-01-02,2007-10-25
SP500,HLT,2017-06-19,
SP500,HM,1996-01-02,2001-12-17
SP500,HMA,2001-11-07,2007-03-02
SP500,HNZ,1996-01-02,2013-06-07
SP500,HOG,2000-01-31,2020-06-22
SP500,HOLX,2016-03-30,2026-04-09
SP500,HON,1996-01-02,
SP500,HOOD,2025-09-22,
SP500,HOT,2000-11-17,2016-09-23
SP500,HP,1996-01-02,1999-12-31
SP500,HP,2010-03-01,2020-05-22
SP500,HPC,1996-01-02,2008-11-14
SP500,HPE,2015-11-02,
SP500,HPH,1996-01-02,1999-06-09
SP500,HPQ,1996-01-02,
SP500,HRB,1996-01-02,2020-09-21
SP500,HRL,2009-03-04,
SP500,HRS,1996-01-02,1999-11-08
SP500,HRS,2008-09-22,2019-06-01
SP500,HSH,1996-01-02,2012-06-29
SP500,HSIC,2015-03-18,
SP500,HSP,2004-05-03,2015-09-03
SP500,HST,2007-03-20,
SP500,HSY,1996-01-02,
SP500,HUBB,2023-10-18,
SP500,HUM,1996-01-02,
SP500,HWM,2020-04-06,
SP500,I,1996-01-02,1996-04-01
SP500,IAC,2006-12-01,2008-08-21
SP500,IBKR,2025-08-28,
SP500,IBM,1996-01-02,
SP500,ICE,2007-09-26,
SP500,IDXX,2017-01-05,
SP500,IEX,2019-08-09,
SP500,IFF,1996-01-02,
SP500,IGT,2001-09-04,2014-06-20
SP500,IKN,1996-01-02,2000-06-29
SP500,ILMN,2015-11-19,2024-06-24
SP500,IMNX,2001-09-21,2002-07-16
SP500,INCLF,1996-01-02,2002-07-22
SP500,INCY,2017-02-28,
SP500,INGR,1996-01-02,1997-07-28
SP500,INTC,1996-01-02,
SP500,INTU,2000-12-11,
SP500,INVH,2022-09-19,
SP500,IP,1996-01-02,
SP500,IPG,1996-01-02,2025-11-28
SP500,IPGP,2018-03-07,2022-06-21
SP500,IQV,2017-08-29,
SP500,IR,1996-01-02,2009-07-01
SP500,IR,2010-11-17,
SP500,IRM,2009-01-06,
SP500,ISRG,2008-06-02,
SP500,IT,2017-04-05,
SP500,ITT,1996-01-02,2011-11-01
SP500,ITW,1996-01-02,
SP500,IVZ,2008-08-21,
SP500,J,2007-10-26,
SP500,JAVA,1996-01-02,2010-01-27
SP500,JBHT,2015-07-01,
SP500,JBL,2001-01-30,2014-11-05
SP500,JBL,2023-10-18,
SP500,JCI,1996-01-02,
SP500,JCP,1996-01-02,2013-12-02
SP500,JEF,2007-08-27,2019-09-26
SP500,JH,1996-01-02,1998-04-01
SP500,JHF,2001-06-29,2004-04-29
SP500,JKHY,2018-11-13,
SP500,JNJ,1996-01-02,
SP500,JNPR,2006-06-02,2025-07-09
SP500,JNS,2000-07-13,2011-11-23
SP500,JNY,2001-12-17,2009-03-04
SP500,JOS,1996-01-02,2000-05-10
SP500,JOY,2011-02-28,2015-10-08
SP500,JP,1996-01-02,2006-04-03
SP500,JPM,1996-01-02,
SP500,JWN,1996-01-02,2020-06-22
SP500,K,1996-01-02,2025-12-11
SP500,KATE,1996-01-02,2008-12-02
SP500,KBH,1996-01-02,2009-12-21
SP500,KDP,2008-10-07,2018-07-02
SP500,KDP,2022-06-21,
SP500,KEY,1996-01-02,
SP500,KEYS,2018-11-06,
SP500,KG,2000-10-03,2010-12-20
SP500,KHC,2015-07-06,
SP500,KIM,2006-04-03,
SP500,KKR,2024-06-24,
SP500,KLAC,1997-09-15,
SP500,KM,1996-01-02,2002-01-17
SP500,KMB,1996-01-02,
SP500,KMG,1996-01-02,2006-08-11
SP500,KMI,2000-12-12,2007-05-31
SP500,KMI,2012-05-25,
SP500,KMX,2010-06-28,2025-10-31
SP500,KO,1996-01-02,
SP500,KR,1996-01-02,
SP500,KRB,1996-01-02,2006-01-03
SP500,KRFT,2012-10-02,2015-07-06
SP500,KRI,1996-01-02,2006-06-28
SP500,KSE,2000-08-21,2007-08-27
SP500,KSS,1998-08-14,2020-09-21
SP500,KSU,1999-04-05,2000-07-13
SP500,KSU,2013-05-24,2021-12-14
SP500,KVUE,2023-08-25,
SP500,KWP,1996-01-02,1999-11-16
SP500,L,1996-01-02,
SP500,LDG,1996-01-02,2001-07-02
SP500,LDOS,2009-12-21,2013-09-23
SP500,LDOS,2019-08-09,
SP500,LDW-B,1996-01-02,1999-12-08
SP500,LEG,1999-10-18,2021-12-20
SP500,LEHMQ,1998-01-12,2008-09-17
SP500,LEN,2005-10-04,
SP500,LH,2004-11-01,
SP500,LHX,2019-06-01,
SP500,LIFE,2008-11-24,2014-01-24
SP500,LII,2024-12-23,
SP500,LIN,2018-11-06,
SP500,LITE,2026-03-23,
SP500,LKQ,2016-05-23,2025-12-22
SP500,LLL,2004-12-01,2019-07-01
SP500,LLTC,2000-04-03,2017-03-13
SP500,LLX,1996-01-02,1997-10-23
SP500,LLY,1996-01-02,
SP500,LM,2006-04-24,2016-12-02
SP500,LMT,1996-01-02,
SP500,LNC,1996-01-02,2023-09-18
SP500,LNT,2016-07-01,
SP500,LO,2008-06-11,2015-06-12
SP500,LOR,1996-01-02,1996-04-23
SP500,LOW,1996-01-02,
SP500,LPX,1996-01-02,2006-11-10
SP500,LRCX,2012-06-05,
SP500,LSI,1996-01-02,2014-05-07
SP500,LU,1996-10-01,2006-12-01
SP500,LUB,1996-01-02,1997-01-02
SP500,LULU,2023-10-18,
SP500,LUMN,1999-03-25,2023-03-20
SP500,LUV,1996-01-02,
SP500,LVLT,2014-11-05,2017-10-13
SP500,LVS,2019-10-03,
SP500,LW,2018-12-03,2026-03-23
SP500,LXK,1999-08-13,2012-10-01
SP500,LYB,2012-09-05,
SP500,LYV,2019-12-23,
SP500,M,1996-01-02,2020-04-06
SP500,MA,2008-07-18,
SP500,MAA,2016-12-02,
SP500,MAC,2013-05-09,2019-12-23
SP500,MAR,1998-05-21,
SP500,MAS,1996-01-02,
SP500,MAT,1996-01-02,2019-06-07
SP500,MAY,1996-01-02,2005-08-29
SP500,MBI,1996-12-03,2009-12-21
SP500,MCD,1996-01-02,
SP500,MCHP,2007-09-07,
SP500,MCIC,1996-01-02,1998-09-15
SP500,MCK,1999-01-13,
SP500,MCO,1996-01-02,
SP500,MD,1996-01-02,1997-08-01
SP500,MDLZ,2007-04-02,
SP500,MDP,1996-01-02,2011-01-04
SP500,MDR,1996-01-02,2003-08-20
SP500,MDT,1996-01-02,
SP500,MEA,1996-01-02,2002-01-30
SP500,MEDI,2000-06-16,2007-06-01
SP500,MEE,1996-01-02,2000-12-22
SP500,MEE,2008-06-23,2011-06-02
SP500,MEL,1996-01-02,2007-07-02
SP500,MER,1996-01-02,2009-01-02
SP500,MERQ,2000-06-29,2006-01-04
SP500,MET,2000-12-11,
SP500,META,2013-12-23,
SP500,MFE,2008-12-23,2011-03-01
SP500,MGM,2017-07-26,
SP500,MHK,2013-12-23,2025-12-22
SP500,MHS,2003-08-20,2012-04-02
SP500,MI,2002-02-11,2011-07-06
SP500,MII,1996-01-02,1999-06-22
SP500,MIL,1996-01-02,2010-07-15
SP500,MIR,1997-08-07,2000-06-01
SP500,MIR,2001-04-03,2003-07-17
SP500,MJN,2009-12-21,2017-06-15
SP500,MKC,2003-03-21,
SP500,MKG,1996-01-02,2000-10-18
SP500,MKTX,2019-07-01,2025-09-22
SP500,MLM,2014-07-02,
SP500,MMC,1996-01-02,2026-01-14
SP500,MMI,2011-01-04,2012-05-22
SP500,MMM,1996-01-02,
SP500,MNK,2014-08-19,2017-07-26
SP500,MNR,1996-01-02,1998-09-28
SP500,MNST,2012-06-29,
SP500,MO,1996-01-02,
SP500,MOB,1996-01-02,1999-12-01
SP500,MOH,2022-03-02,2026-03-23
SP500,MOLX,1999-12-01,2013-12-09
SP500,MON,2002-08-14,2018-06-07
SP500,MOS,2011-09-26,
SP500,MPC,2011-07-01,
SP500,MPWR,2021-02-12,
SP500,MRK,1996-01-02,
SP500,MRNA,2021-07-21,
SP500,MRO,1996-01-02,2024-11-26
SP500,MRSH,2026-01-14,
SP500,MS,1996-01-02,
SP500,MSCI,2018-04-04,
SP500,MSFT,1996-01-02,
SP500,MSI,1996-01-02,
SP500,MST,1996-01-02,1998-08-14
SP500,MTB,2004-02-27,
SP500,MTCH,2021-09-20,2026-03-23
SP500,MTD,2016-09-06,
SP500,MTG,1996-07-19,2008-10-31
SP500,MTL,1998-02-23,1999-09-20
SP500,MTLQQ,1996-01-02,2009-06-03
SP500,MTW,2007-11-16,2009-09-01
SP500,MU,1996-01-02,
SP500,MUR,2005-08-15,2017-07-26
SP500,MWI,1996-01-02,1999-05-28
SP500,MWV,1996-01-02,2015-07-02
SP500,MWW,2001-06-04,2011-12-19
SP500,MXIM,2000-05-10,2007-09-27
SP500,MXIM,2018-12-03,2021-08-30
SP500,MYG,1996-01-02,2006-04-03
SP500,MYL,2004-04-23,2020-11-17
SP500,MZIAQ,1996-01-02,2000-06-29
SP500,NAE,1996-01-02,1997-08-07
SP500,NAV,1996-01-02,2006-12-20
SP500,NAVI,2014-05-01,2018-06-05
SP500,NBL,2007-10-08,2020-10-12
SP500,NBR,2000-10-18,2015-03-23
SP500,NC,1996-01-02,2000-06-05
SP500,NCC,1996-01-02,2009-01-02
SP500,NCE,1998-11-03,2000-08-21
SP500,NCLH,2017-10-13,
SP500,NCR,2000-01-04,2007-10-01
SP500,NDAQ,2008-10-22,
SP500,NDSN,2022-02-15,
SP500,NE,2001-01-16,2009-03-27
SP500,NE,2011-01-18,2015-07-20
SP500,NEE,1996-01-02,
SP500,NEM,1996-01-02,
SP500,NFB,2002-07-17,2006-12-01
SP500,NFLX,2010-12-20,
SP500,NFX,2010-12-20,2019-02-15
SP500,NGH,1998-09-16,2000-12-12
SP500,NI,2000-11-02,
SP500,NKE,1996-01-02,
SP500,NKTR,2018-03-19,2019-10-03
SP500,NLC,1996-01-02,1999-08-02
SP500,NLSN,2013-07-09,2022-10-12
SP500,NLV,1996-04-01,2000-01-06
SP500,NMK,1996-01-02,2002-02-01
SP500,NOC,1996-01-02,
SP500,NOV,2005-03-14,2021-09-20
SP500,NOVL,1996-01-02,2011-04-28
SP500,NOW,2019-11-21,
SP500,NRG,2010-01-29,
SP500,NRTLQ,1996-01-02,2002-07-22
SP500,NSC,1996-01-02,
SP500,NSI,1996-01-02,2001-12-03
SP500,NSM,1996-01-02,2011-09-26
SP500,NTAP,1999-06-25,
SP500,NTRS,1998-01-30,
SP500,NUE,1996-01-02,
SP500,NVDA,2001-11-30,
SP500,NVLS,2000-06-19,2012-06-05
SP500,NVR,2019-09-26,
SP500,NWL,1996-01-02,2023-09-18
SP500,NWS,2015-09-21,
SP500,NWSA,2013-07-01,
SP500,NXPI,2021-03-22,
SP500,NXTL,1998-04-01,2005-08-15
SP500,NYN,1996-01-02,1997-08-15
SP500,NYT,1996-01-02,2010-12-20
SP500,NYX,2007-10-25,2013-11-13
SP500,O,2015-04-07,
SP500,OAT,1996-01-02,2001-08-03
SP500,ODFL,2019-12-09,
SP500,ODP,1999-06-24,2010-12-20
SP500,OGN,2021-06-04,2023-10-18
SP500,OI,1997-08-04,2000-12-11
SP500,OI,2009-01-02,2016-12-02
SP500,OK,1999-12-02,2001-04-02
SP500,OKE,1996-01-02,2001-08-30
SP500,OKE,2010-03-15,
SP500,OM,1996-01-02,1996-10-01
SP500,OMC,1997-12-24,
SP500,OMX,1996-01-02,2008-06-23
SP500,ON,2022-06-21,
SP500,ONE,1996-01-02,2004-07-01
SP500,ORCL,1996-01-02,
SP500,ORLY,2009-03-27,
SP500,ORX,1996-01-02,1999-03-01
SP500,OTIS,2020-04-03,
SP500,OWENQ,1996-01-02,2000-10-02
SP500,OXY,1996-01-02,
SP500,PAC,1996-01-02,1997-04-01
SP500,PALM,2000-07-28,2002-08-14
SP500,PANW,2023-06-20,
SP500,PARA,2022-02-17,2025-08-08
SP500,PAS,1996-01-02,1998-01-30
SP500,PAYC,2020-01-28,2026-03-23
SP500,PAYX,1998-10-01,
SP500,PBCT,2008-11-13,2022-04-04
SP500,PBG,2001-05-14,2010-03-01
SP500,PBI,1996-01-02,2017-03-01
SP500,PBY,1996-01-02,2000-04-03
SP500,PCAR,1996-01-02,
SP500,PCG,1996-01-02,2019-01-18
SP500,PCG,2022-10-03,
SP500,PCH,1996-01-02,2001-07-09
SP500,PCL,2002-01-17,2016-02-22
SP500,PCP,2007-06-01,2016-02-01
SP500,PCS,1998-11-24,2004-04-23
SP500,PD,1996-01-02,2007-03-20
SP500,PDCO,2005-10-11,2018-03-19
SP500,PDG,1996-01-02,2002-07-22
SP500,PEG,1996-01-02,
SP500,PEL,1996-01-02,1997-06-19
SP500,PENN,2021-03-22,2022-09-19
SP500,PEP,1996-01-02,
SP500,PET,1996-01-02,1998-06-29
SP500,PETM,2012-10-05,2015-03-12
SP500,PFE,1996-01-02,
SP500,PFG,2002-07-22,
SP500,PG,1996-01-02,
SP500,PGL,1996-01-02,2007-02-22
SP500,PGN,1996-01-02,2012-07-02
SP500,PGR,1997-08-04,
SP500,PH,1996-01-02,
SP500,PHA,1996-01-02,2003-04-16
SP500,PHB,1996-01-02,1999-10-04
SP500,PHM,1996-01-02,
SP500,PKG,2017-07-26,
SP500,PLD,2003-07-17,
SP500,PLL,1996-01-02,2015-08-31
SP500,PLTR,2024-09-23,
SP500,PM,2008-03-31,
SP500,PMCS,2001-08-03,2007-07-02
SP500,PMI,1996-01-02,1996-05-31
SP500,PNC,1996-01-02,
SP500,PNR,2012-10-01,
SP500,PNU,1996-01-02,2000-04-03
SP500,PNW,1999-10-04,
SP500,PODD,2023-03-15,
SP500,POM,2007-11-09,2016-03-24
SP500,POOL,2020-10-07,
SP500,PPG,1996-01-02,
SP500,PPL,1996-01-02,
SP500,PPW,1996-01-02,1999-11-30
SP500,PRD,1996-01-02,2000-12-12
SP500,PRGO,2011-12-19,2021-09-20
SP500,PRU,2002-07-22,
SP500,PSA,2005-08-19,
SP500,PSFT,1998-10-02,2004-12-29
SP500,PSKY,2025-08-08,
SP500,PSX,2012-05-01,
SP500,PTC,1997-04-03,2007-01-03
SP500,PTC,2021-04-20,
SP500,PTV,1999-11-05,2010-11-17
SP500,PVH,2013-02-14,2022-09-19
SP500,PVN,1996-01-02,2005-10-03
SP500,PVT,1998-08-31,1999-07-01
SP500,PWER,2000-10-23,2005-03-14
SP500,PWJ,1999-06-04,2000-11-06
SP500,PWR,2009-07-01,
SP500,PX,1996-01-02,2018-10-31
SP500,PXD,2008-09-24,2024-05-08
SP500,PYPL,2015-07-20,
SP500,PZE,1996-01-02,1998-12-31
SP500,Q,2000-07-06,2011-04-01
SP500,Q,2025-11-03,
SP500,QCOM,1999-07-22,
SP500,QEP,2010-07-01,2015-07-01
SP500,QLGC,2000-12-12,2011-01-18
SP500,QRVO,2015-06-12,2024-12-23
SP500,QTRN,1999-11-16,2003-09-26
SP500,R,1996-01-02,2017-06-19
SP500,RAD,1996-01-02,2000-07-27
SP500,RAI,2002-09-04,2017-07-25
SP500,RAL,1996-01-02,2001-12-13
SP500,RATL,2002-02-01,2003-02-21
SP500,RBD,1996-01-02,1999-03-25
SP500,RBK,1996-01-02,2006-02-01
SP500,RCL,2014-12-05,
SP500,RDC,1996-01-02,2014-08-19
SP500,RDS-A,1996-01-02,2002-07-22
SP500,RE,2017-06-19,2023-07-10
SP500,REG,2017-03-02,
SP500,REGN,2013-05-01,
SP500,RF,1998-08-28,
SP500,RHI,2000-12-05,2024-06-24
SP500,RHT,2009-07-27,2019-07-15
SP500,RIG,1999-12-31,2008-12-19
SP500,RIG,2013-10-29,2017-07-26
SP500,RJF,2017-03-20,
SP500,RL,2007-02-02,
SP500,RLM,1996-01-02,2000-05-04
SP500,RMD,2017-07-26,
SP500,RML,1996-01-02,2000-12-12
SP500,RNB,1996-01-02,2000-01-03
SP500,ROH,1996-01-02,2009-04-02
SP500,ROK,1996-01-02,
SP500,ROL,2018-10-01,
SP500,ROP,2009-12-23,
SP500,ROST,2009-12-21,
SP500,RRC,2007-12-21,2018-06-18
SP500,RRD,1996-01-02,2012-12-12
SP500,RSG,2008-12-05,
SP500,RSHCQ,1996-01-02,2011-07-01
SP500,RTN,1996-01-02,2020-04-06
SP500,RTX,2020-04-03,
SP500,RVTY,1996-01-02,
SP500,RX,1996-11-04,2010-02-26
SP500,RYAN,1996-01-02,1997-01-02
SP500,RYC,1996-01-02,1999-08-13
SP500,RYI,1996-01-02,1998-07-01
SP500,S,1996-01-02,2013-07-09
SP500,SAF,1996-01-02,2008-09-23
SP500,SAI,1997-07-17,1999-01-04
SP500,SANM,2000-06-21,2007-07-02
SP500,SAPE,2000-05-05,2002-05-13
SP500,SATS,2026-03-23,
SP500,SB,1996-01-02,1997-11-28
SP500,SBAC,2017-09-01,
SP500,SBL,2000-12-11,2007-01-10
SP500,SBNY,2021-12-20,2023-03-15
SP500,SBUX,2000-06-08,
SP500,SCG,2009-01-02,2019-01-02
SP500,SCHW,1997-06-02,
SP500,SCI,1996-01-02,2000-03-16
SP500,SDS,2002-07-22,2005-08-12
SP500,SE,2007-01-03,2017-02-27
SP500,SEBL,2000-05-05,2006-02-01
SP500,SEDG,2021-12-20,2023-10-18
SP500,SEE,1998-04-01,2023-10-18
SP500,SEG,1996-08-16,2000-11-22
SP500,SFA,1996-01-02,2006-02-27
SP500,SFS,1996-01-02,1997-07-28
SP500,SGID,1996-01-02,2000-06-21
SP500,SGP,1996-01-02,2009-11-04
SP500,SHLD,2005-03-28,2012-09-05
SP500,SHN,1996-01-02,1997-01-02
SP500,SHW,1996-01-02,
SP500,SIAL,1996-01-02,2015-11-18
SP500,SIG,2015-07-29,2018-03-19
SP500,SII,2006-10-02,2010-08-27
SP500,SIVB,2018-03-19,2023-03-15
SP500,SJM,2008-11-06,
SP500,SK,1996-01-02,1998-04-01
SP500,SLB,1996-01-02,
SP500,SLG,2015-03-23,2021-03-22
SP500,SLM,1998-07-01,2014-05-01
SP500,SLR,1998-12-31,2007-10-02
SP500,SMCI,2024-03-18,
SP500,SMI,1996-01-02,2000-12-12
SP500,SMS,1996-01-02,2000-06-08
SP500,SNA,1996-01-02,
SP500,SNDK,2006-04-20,2016-05-12
SP500,SNDK,2025-11-28,
SP500,SNI,2008-07-01,2018-03-07
SP500,SNPS,2017-03-16,
SP500,SNT,1996-01-02,1999-10-26
SP500,SNV,1997-12-01,2008-01-02
SP500,SO,1996-01-02,
SP500,SOLS,2025-10-30,2025-12-22
SP500,SOLV,2024-04-03,
SP500,SOTR,1999-03-01,2004-11-01
SP500,SOV,2004-07-01,2009-01-30
SP500,SPG,2002-06-26,
SP500,SPGI,1996-01-02,
SP500,SPLS,1998-10-07,2017-09-13
SP500,SRCL,2008-11-19,2018-12-03
SP500,SRE,1998-06-29,
SP500,SRR,1996-01-02,1997-10-07
SP500,SSP,2005-12-20,2008-07-01
SP500,STE,2019-12-23,
SP500,STI,1996-01-02,2019-12-09
SP500,STJ,1996-01-02,2017-01-05
SP500,STLD,2022-12-22,
SP500,STO,1996-01-02,1998-11-18
SP500,STR,2006-12-01,2010-07-01
SP500,STT,1997-08-18,
SP500,STX,2012-07-02,
SP500,STZ,2005-07-05,
SP500,SUB,1998-01-28,2001-03-01
SP500,SUN,1996-01-02,2012-10-05
SP500,SUNEQ,2007-05-31,2011-12-19
SP500,SVU,1996-01-02,2012-05-01
SP500,SW,2015-07-02,
SP500,SWK,1996-01-02,
SP500,SWKS,2015-03-12,
SP500,SWN,2008-06-06,2017-04-04
SP500,SWY,1998-11-13,2015-01-27
SP500,SXCL,1999-10-01,2001-05-14
SP500,SYF,2015-11-18,
SP500,SYK,2000-12-12,
SP500,SYY,1996-01-02,
SP500,T,1996-01-02,
SP500,TA,1996-01-02,1999-07-22
SP500,TAP,1996-01-02,
SP500,TCOMA,1996-01-02,1999-03-10
SP500,TDC,2007-10-01,2017-06-19
SP500,TDG,2016-06-03,
SP500,TDM,1996-01-02,1997-09-02
SP500,TDY,2020-06-22,
SP500,TE,2001-10-10,2016-07-01
SP500,TECH,2021-08-30,
SP500,TEG,2007-02-22,2015-06-30
SP500,TEK,1996-01-02,2007-11-16
SP500,TEL,2007-07-02,2009-06-26
SP500,TEL,2011-10-17,
SP500,TEN,1996-01-02,1999-11-05
SP500,TER,1999-11-15,2013-12-23
SP500,TER,2020-09-21,
SP500,TEX,2006-12-20,2008-11-06
SP500,TFC,2019-12-09,
SP500,TFX,2019-01-18,2025-03-24
SP500,TGNA,1996-01-02,2017-06-02
SP500,TGT,1996-01-02,
SP500,THC,1996-01-02,2016-04-18
SP500,THY,1996-01-02,1996-10-16
SP500,TIE,2007-10-29,2012-12-24
SP500,TIF,2000-06-21,2021-01-07
SP500,TIN,1996-01-02,2007-12-31
SP500,TJX,1996-01-02,
SP500,TKO,2025-03-24,
SP500,TKR,1996-01-02,2001-08-07
SP500,TLAB,1996-01-02,2011-12-21
SP500,TMC,1996-01-02,2000-06-13
SP500,TMC-A,1996-01-02,2000-06-13
SP500,TMO,1997-01-02,
SP500,TMUS,2009-06-30,2013-05-01
SP500,TMUS,2019-07-15,
SP500,TNB,1996-01-02,2004-08-03
SP500,TOS,1999-09-20,2001-09-17
SP500,TOY,1996-01-02,2005-07-22
SP500,TPL,2024-11-26,
SP500,TPR,2004-09-01,
SP500,TRB,1996-01-02,2007-12-21
SP500,TRGP,2022-10-12,
SP500,TRIP,2011-12-21,2019-12-23
SP500,TRMB,2021-01-21,
SP500,TROW,1999-10-13,
SP500,TRV,1996-01-02,
SP500,TRW,1996-01-02,2002-12-12
SP500,TSCO,2014-01-24,
SP500,TSG,2000-03-16,2007-04-02
SP500,TSLA,2020-12-21,
SP500,TSN,2005-08-11,
SP500,TSS,2008-01-02,2019-09-23
SP500,TT,2002-05-13,2008-06-06
SP500,TT,2020-03-03,
SP500,TTD,2025-07-18,
SP500,TTWO,2018-03-19,
SP500,TUP,1996-05-31,2004-03-25
SP500,TWC,2009-03-30,2016-05-18
SP500,TWTR,2018-06-07,2022-11-01
SP500,TWX,1996-01-02,2018-06-15
SP500,TX,1996-01-02,2001-10-10
SP500,TXN,1996-01-02,
SP500,TXT,1996-01-02,
SP500,TXU,1996-01-02,2007-10-10
SP500,TYL,2020-06-22,
SP500,UA,2016-04-08,2022-06-21
SP500,UAA,2014-05-01,2022-06-21
SP500,UAL,2015-09-03,
SP500,UAWGQ,1996-01-02,2002-05-15
SP500,UBER,2023-10-18,
SP500,UCC,1996-01-02,1999-05-03
SP500,UCL,1996-01-02,2005-08-11
SP500,UCM,1996-01-02,2000-10-23
SP500,UDR,2016-03-07,
SP500,UHS,2014-09-22,
SP500,UIS,1996-01-02,2008-11-11
SP500,UK,1996-01-02,2001-02-07
SP500,ULTA,2016-04-18,
SP500,UMG,1996-01-02,2000-06-15
SP500,UN,1996-01-02,2002-07-22
SP500,UNH,1996-01-02,
SP500,UNM,1996-01-02,2021-09-20
SP500,UNP,1996-01-02,
SP500,UPC,1998-10-01,2004-07-01
SP500,UPR,1996-10-16,2000-07-17
SP500,UPS,2002-07-22,
SP500,URBN,2010-02-08,2017-03-20
SP500,URI,2014-09-22,
SP500,USB,1996-01-02,
SP500,USBC,1996-01-02,1997-08-04
SP500,USH,1996-01-02,1997-06-18
SP500,USHC,1996-01-02,1996-07-19
SP500,USS,1996-01-02,1998-10-02
SP500,UST,1996-01-02,2009-01-06
SP500,USW,1996-01-02,2000-07-03
SP500,UTX,1996-01-02,2020-04-03
SP500,UVN,2001-02-07,2007-03-29
SP500,V,2009-12-21,
SP500,VAR,2007-02-12,2021-04-20
SP500,VAT,1996-01-02,1996-09-06
SP500,VEEV,2026-05-07,
SP500,VFC,1996-01-02,2024-04-03
SP500,VIAB,2006-01-03,2019-12-05
SP500,VIAC,2019-12-05,2022-02-17
SP500,VIAV,2000-07-27,2013-12-23
SP500,VICI,2022-06-08,
SP500,VLO,2004-04-29,
SP500,VLTO,2023-10-02,
SP500,VMC,1999-07-01,
SP500,VNO,2005-08-12,2023-01-04
SP500,VNT,2020-10-12,2021-03-22
SP500,VO,1996-01-02,2000-12-11
SP500,VRSK,2015-10-08,
SP500,VRSN,2006-02-01,
SP500,VRT,2026-03-23,
SP500,VRTS,2000-04-03,2005-07-05
SP500,VRTX,2013-09-23,
SP500,VSCO,1996-01-02,2021-08-03
SP500,VST,2024-05-08,
SP500,VSTNQ,2000-06-29,2006-01-03
SP500,VTR,2009-03-04,
SP500,VTRS,2020-11-17,
SP500,VTSS,2000-12-12,2002-08-21
SP500,VZ,1996-01-02,
SP500,WAB,2019-02-27,
SP500,WAI,1996-01-02,1998-08-11
SP500,WAMUQ,1997-07-02,2008-09-30
SP500,WAT,2002-01-02,
SP500,WB,1996-01-02,2009-01-02
SP500,WBA,1996-01-02,2025-08-28
SP500,WBD,2022-04-11,
SP500,WCG,2018-09-17,2020-01-28
SP500,WCOEQ,1996-04-01,2002-05-15
SP500,WDAY,2024-12-23,
SP500,WDC,2009-07-01,
SP500,WEC,2008-10-31,
SP500,WELL,2009-01-30,
SP500,WEN,1996-01-02,2008-09-30
SP500,WFC,1996-01-02,
SP500,WFM,2006-01-03,2017-08-28
SP500,WFT,2005-07-22,2009-02-26
SP500,WH,2006-08-01,2018-05-31
SP500,WHR,1996-01-02,2024-03-18
SP500,WIN,2006-07-18,2015-04-07
SP500,WLA,1996-01-02,2000-06-20
SP500,WLL,1996-01-02,2002-02-11
SP500,WLP,1999-06-09,2004-12-01
SP500,WM,1998-07-17,
SP500,WMB,1996-01-02,
SP500,WMT,1996-01-02,
SP500,WMX,1996-01-02,1998-07-17
SP500,WNDXQ,1996-01-02,2004-12-03
SP500,WOR,1996-01-02,2004-12-20
SP500,WPX,2012-01-03,2014-03-24
SP500,WRB,2019-12-05,
SP500,WSM,2025-03-24,
SP500,WST,2020-05-22,
SP500,WTW,2016-01-05,
SP500,WU,2006-10-02,2021-12-20
SP500,WWY,1996-01-02,2008-10-07
SP500,WY,1996-01-02,
SP500,WYE,1996-01-02,2009-10-16
SP500,WYNN,2008-11-14,
SP500,X,1996-01-02,2014-07-02
SP500,XEC,2014-06-20,2020-03-03
SP500,XEL,1996-01-02,
SP500,XL,2001-09-04,2018-09-12
SP500,XLNX,1999-11-08,2022-02-15
SP500,XOM,1996-01-02,
SP500,XRAY,2008-11-14,2024-04-03
SP500,XRX,1996-01-02,2021-03-22
SP500,XTO,2004-12-29,2010-06-28
SP500,XYL,2011-11-01,
SP500,XYZ,2025-07-23,
SP500,YNR,2000-01-06,2000-10-03
SP500,YRCW,1996-01-02,1996-11-04
SP500,YUM,1997-10-07,
SP500,ZBH,2001-08-07,
SP500,ZBRA,2019-12-23,
SP500,ZION,2001-06-25,2024-03-18
SP500,ZTS,2013-06-24,
